DATES,SENDER,ARTICLE CONTENT
[\nJul 24\n],Wilfred Zahaa¬†üá∫üá¨,[So Bobi Wine has today officially declared he is coming for the Presidential seat come 2021. Do you think he is too early or it's the right time??]
[\nJul 24\n],BOBI WINE,"[BOBI WINE Retweeted Mugisha Muntu, Thank you Comrade Gen. @mugishamuntu. Always humbled to see you, and indeed the entire leadership of ANT, put #CountryBeforeSelf - not just in words but in action too. May your example continue to inspire all forces of change to subject all other interests to national interest.https://twitter.com/mugishamuntu/status/1154048631466426370\xa0\u2026, BOBI WINE added,]"
[\nJul 24\n],The Observer,[#BobiWine's press conference to officially announce his 2021 presidential bid was laced with music interludes #Uganda @bamulanzekipic.twitter.com/RLuL1Nzbz2]
[\nJul 24\n],BOBI WINE,"[BOBI WINE Retweeted Kifefe Kizza-Besigye, Thank you very much Dr. @kizzabesigye1. As I said in my speech today, few people have inspired our nation to fight for democracy, peace, justice and human rights like you have. We look forward to building more synergies as we confront the common enemy together. Aluta continua!https://twitter.com/kizzabesigye1/status/1154088970168479746\xa0\u2026, BOBI WINE added,]"
[\n19h19 hours ago\n],BOBI WINE,"[BOBI WINE Retweeted Norbert Mao, Yes comrade @norbertmao! Thank you for reasserting this message of Unity because A PEOPLE UNITED CAN NEVER BE DEFEATED. It also says in Mark 3:25 that a house divided against itself cannot stand. When we all speak with one voice, the dictatorship will be in deep trouble.https://twitter.com/norbertmao/status/1154293761456955392\xa0\u2026, BOBI WINE added,]"
[\nJul 24\n],Campus Bee,[Bobi Wine Beats M7 By a Landslide in UCU Online Voting Demo via @CampusBeeUghttps://campusbee.ug/news/bobi-wine-beats-m7-by-a-landslide-in-ucu-online-voting-demo/\xa0\u2026]
[\nJul 24\n],kenny mackenzie,[BBC News - Ugandan pop star Bobi Wine to run against Yoweri Museveni https://www.bbc.co.uk/news/world-africa-49095214\xa0\u2026 GIGA. To be in Prayer. God Is Good Africa.]
[\n16h16 hours ago\n],ssebunya shafique,[Bobi wine will never be Uganda's president]
[\nJul 24\n],IntelPost,[It's time to prove that we mean business - Bobi Wine - IntelPost https://intelpostug.com/2019/07/24/its-time-to-prove-that-we-mean-business-bobi-wine/\xa0\u2026]
[\n16h16 hours ago\n],NBS Television,"[Full Figure cries foul over Bobi Wine's appointments. ""Bobi's novice antics can't defeat Museveni"", the outspoken artiste said. #NBSUncut #NBSUpdatespic.twitter.com/vrkNUP6IMb]"
[\nJul 22\n],BigEyeUG,[Bobi Wine happy as fellow musician Navio formalizes marital\xa0status https://bigeye.ug/bobi-wine-happy-as-fellow-musician-navio-formalizes-marital-status/\xa0\u2026pic.twitter.com/BPTmJeqTYx]
[\nJul 22\n],John K. Wasikye ¬†üá∫üá¨,"[A year ago,these were my thoughts about Bobi Wine,as it is now, he is Uganda's opposition ""alternative"". In a space of a year,he has attracted almost all the international media and community giving him a lot of mileage in the process. @HEBobiwine @DuxWabuyi @JoelSsenyonyipic.twitter.com/ullJuELEJj]"
[\nJul 24\n],Omuyayi,[Who will replace Bobi Wine as Kyadondo East MP  Do I have to be #PeoplePower to win there ]
[\nJul 24\n],ssebunya shafique,[We don't have any pressing issues in Uganda. We're happy with our leader Museveni. We are not ready to welcome your puppet Bobi wine]
[\n20h20 hours ago\n],Echodu is Ragnar,[Bobi Wine challenging Museveni to a free and fair election is very funny]
[\nJul 24\n],Nuwagaba Molly,[Bobi Wine is the incoming president of Uganda ready to unseat Gen Museveni the out going president we pray God to guide and protect Bobi Wine .#Mission2021]
[\n17h17 hours ago\n],Sir Arthur,[People on Bobi Wine\u2019s list are on TVs &amp; radios saying they were not consulted or they\u2019ve decided to betray him because of political pressure? I\u2019m afraid by 2021 even Joel Ssenyonyi will be disappearing calming he wasn\u2019t given prior notice before appointment to People Power.]
[\nJul 18\n],John Kennedy Muttu,"[As a voting youth in Uganda, am certain Bobi wine will win the elections if only they can be free and fair]"
[\n15h15 hours ago\n],NBS Television,"[During the ceremony, Dr Besigye congratulated People Power's Robert Kyagulanyi aka Bobi Wine who has since announced presidential ambitions ahead of 2021. #NBSLiveAt9 #NBSUpdates]"
[\nJul 25\n],O≈ôdi≈Üar√Ω ƒûu√Ω ¬†üïä,[Let's be honest Bobi wine will not be is the next president of Uganda pic.twitter.com/FT4nXbuuWX]
[\n11h11 hours ago\n],X-XONE LTD,[Why Bobi wine won't appear on ballot with Museveni. - The Peoples Agency - T.P.A https://www.thepeoplesagency.org/853-2/\xa0]
[\n16h16 hours ago\n],NBS Television,"[ON AIR: #NBSUncut. Tonight's top stories are, Zari jets in for Miss Uganda grand finale happening tomorrow at Sheraton hotel. Full Figure cries foul over Bobi Wine appointments. Exclusive interview with Miss World Vanessa Ponce de Leon. Tune in. #NBSUpdatespic.twitter.com/XfWWXTZEiP]"
[\nJul 25\n],Muwanguzi Atah,[Tell your house boy canary mugume to remove his mouth on Bobiwine]
[\nJul 24\n],The Observer,"[Controversy as #BobiWine announces 2021 presidential bid. Karamoja coordinator distances himself from #PeoplePower, saying he wasn't consulted. ""It's surely a presumption by the People Power that whoever voted against the age limit is for them"" https://observer.ug/news/headlines/61442-bobi-wine-announces-presidential-bid\xa0\u2026 #Ugandapic.twitter.com/O89FNjWpxb]"
[\nJul 24\n],X-XONE LTD,"[Why Dr Stella Nyanzi in prison, Bobi Wine\u2019s Lawyer Armsterdam Wanted Dead - The Peoples Agency - T.P.A https://www.thepeoplesagency.org/why-dr-stella-nyanzi-in-prison-bobi-wines-lawyer-on-kill-list/\xa0\u2026]"
[\nJul 24\n],Nuwagaba Molly,"[Nuwagaba Molly Retweeted BBC News Africa, #BobiWine is the incoming president of Uganda ready to unseat the current one by names of #GenYoweriMuseveni who has led Uganda for over 34yearshttps://twitter.com/BBCAfrica/status/1154007830086766593\xa0\u2026, Nuwagaba Molly added,]"
[\nJul 24\n],Nuwagaba Molly,[God bless Bobi Wine for he has opened many eyes of Ugandans especially the youths]
[\nJul 24\n],ssebunya shafique,"[ssebunya shafique Retweeted Grapevine Uganda, This is a clear indication and evidence that Bobi wine has no supporters. Let him wait for his 1% in 2021 https://twitter.com/grapevineug/status/1154042803153858560\xa0\u2026, ssebunya shafique added,]"
[\nJul 24\n],ssebunya shafique,"[ssebunya shafique Retweeted ChimpReports, President Museveni has no time for Bobi wine. He is busy with the wealth creation tours. https://twitter.com/ChimpReports/status/1154002286915592193\xa0\u2026, ssebunya shafique added,]"
[\nJul 24\n],Sir Arthur,[Come 2021 me I want Bobi Wine to be on the ballot paper. At least we all know that\u2019s better than Besigye wasting space &amp; ink on there. He has had enough chances. Time to give others the mantle to see how difficult it is to win a Presidential election.]
[\nJul 24\n],ChimpReports,"['Museveni Underestimated Us,' Says Bobi Wine While Launching Nationwide Mobilization Team\r\n#BobiWine #featured https://chimpreports.com/museveni-underestimated-us-says-bobi-wine-while-launching-nationwide-mobilization-team/\xa0\u2026pic.twitter.com/C2kMcoVAgH]"
[\nJul 24\n],@AaronAinomugisha,[Bobi Wine has the Strongest team.\r\n@JoelSsenyonyi wenyweze.pic.twitter.com/Ag7YSLNaO2]
[\nJul 24\n],@AaronAinomugisha,"[Ghetto President Bobi Wine Vs President Museveni come 2021: People Power Unveils regional and district leaders,coordinators ahead of 2021 general\xa0elections. http://rapug.home.blog/2019/07/24/ghetto-president-bobi-wine-vs-president-museveni-come-2021-people-power-unveils-regional-and-district-leaderscoordinators-ahead-of-2021-general-elections/\xa0\u2026]"
[\nJul 23\n],Nasser Kaaya ¬†üá∫üá¨,"[No. What is relevant to you is maligning Bobiwine and i understand because it's what puts food on your table. Also as you bootlick the old man, please tell him that a good number of hospitals do not have neonatal intensive care units for babies. Owulidde?]"
[\nJul 21\n],Kiggundu Joseph Dash,[Bobi wine is the uganda's most admired politician in Uganda https://twitter.com/FT/status/1152936295028731904\xa0\u2026pic.twitter.com/jL1D7U4tnR]
[\nJul 21\n],Nuwagaba Molly,[#KyagulanyiRobert_Ssentamu AKA Bobi Wine for president 2021 pic.twitter.com/ts0DC9FFkj]
[\nJul 20\n],@AaronAinomugisha,"[Kyadondo East MP has maintained that he is ready to challenge President @KagutaMuseveni come 2021,Asks people to stand strong for change.\r\n'Your National ID is Your Gun,'- Bobi Wine @HEBobiwine in Gulu.pic.twitter.com/9Be57tevzw]"
[\nJul 18\n],NBS Television,"[Kiggundu: This entire ""thing"" began when President Museveni brought his family into the limelight. If Muhoozi has presidential ambitions, people have a right to criticize him just like Bobi Wine. \r\n\r\n#NBSMorningBreeze #NBSUpdates]"
[\nJul 18\n],ONLYINUG,[How Bobi Wine has forgotten his core fans #ImpressiveUG https://observer.ug/viewpoint/61383-how-bobi-wine-has-forgotten-his-core-fans\xa0\u2026 via @observerug]
[\nJul 18\n],Kiggundu Joseph Dash,[Uganda badly needs the young democrat like #Bobiwine who truly understands the basic and international human rights which have been gradually and steadily abused by the current dictator President Yoweri museveni and his henchmen.]
[\n11h11 hours ago\n],Edward Mayega,"[Gen Tumukunde was answering questions asked by Kamara. So maybe that qn wasn't asked.However, others NRM refused them to consult, like Bobi wine who hz alrdy shown an interest to the ug's highest job, can't evn allowed to put a press conference into an hotel in Kampala.]"
[\n15h15 hours ago\n],Edward Mayega,[FDC to work with Hon Nambooze and Lukwago who are strong members of DP it's okay. But Winnie Kiiza and Robert Centenary to work with Bobi wine in PP is not acceptable and named to be political prostitutes...... Shame upon you FDC.]
[\n23h23 hours ago\n],Geozj32,[I will vote bobi wine for presidency cz he thinks before he speaks]
[\nJul 24\n],Benjamin B C Siya,[FULL LIST: Bobi Wine unveils People Power coordination team.Below is the full list\r\n\r\n1. WestNile;\r\nHon Kasiano Wadri(Team Leader)\r\nHon James Acidri\r\nHon Oguzu Lee\r\nHabib Asega\r\nAsara Night\r\n\r\n2. Acholi;\r\nHon Lucy Akello... https://www.facebook.com/100003600516442/posts/1628244667305535/\xa0\u2026]
[\nJul 24\n],masaba,[So Bobi Wine appointed his brother Nyanzi Ssentamu  and close friends Nubian Li and  MP Zaake Francis Butebi on national coordination team??\r\n\r\nFriends and family projects]
[\nJul 24\n],ssebunya shafique,[Bobi wine is free to run for the top seat but the question is; does he have support ? The answer is NO NO NO]
[\nJul 24\n],Allen Kisakye,[You are our inspiration \u2013 Peng Peng to @HEBobiwine despite being over lookedhttps://www.watchdoguganda.com/entertainment/showbiz/20190724/73066/bobi-wine-is-our-inspiration-peng-peng-to-bobi-wine-despite-missing-out-on-list-coordinators.html\xa0\u2026]
[\nJul 24\n],ChimpReports,"['Museveni Underestimated Us,' Says Bobi Wine While Launching Nationwide Mobilization Team\r\n#ChimpReportsNews #UgandaNews #Uganda #Featured #Launch @HEBobiwine @KagutaMuseveni @winniekiiza1 @NubianBukenAli @flaviakubula @ZaakeFrancis #PeoplePowerhttps://chimpreports.com/museveni-underestimated-us-says-bobi-wine-while-launching-nationwide-mobilization-team/\xa0\u2026]"
[\nJul 24\n],SERTS SULAIMAN,"[Full List: Bobi Wine unveils People Power countrywide coordination team \u2013 Top News, Breaking Information,Uncensored Leaks and Pictures https://eyalama.com/full-list-bobi-wine-unveils-people-power-countrywide-coordination-team/\xa0\u2026]"
[\nJul 24\n],Javira Ssebwami,[When Joel Ssenyonyi is introducing Bobi Wine: \u201cAllow me invite Uganda\u2019s 10th President...\u201d]
[\nJul 24\n],@AaronAinomugisha,[Mega Press Conference: Bobi Wine's People power pressure group announces its regional and district coordinators ahead of the 2021 presidential election campaigns.\r\nOpen here to see them #CroozefmNews  - http://bit.ly/2JYDpRB\xa0]
[\nJul 23\n],Mr.Simples ¬†üá∫üá¨,"[I love Bobi Wine so much and his music is an inspiration, he is an inspiration himself too but I can't lie I will be Voting him come 2021, Nop! pic.twitter.com/ci7AmCG8fX]"
[\nJul 22\n],Nuwagaba Molly,"[Nuwagaba Molly Retweeted Future, #GenMusevenimustgoo we need a young of our generation that is Bobi wine https://twitter.com/Future13630138/status/1153197329681436677\xa0\u2026, Nuwagaba Molly added,]"
[\nJul 21\n],Kiggundu Joseph Dash,"[Kiggundu Joseph Dash Retweeted Financial Times, Uganda needs a new, fresh and clean young democrat (Bobi wine) to replace museveni. https://twitter.com/FT/status/1152936295028731904\xa0\u2026, Kiggundu Joseph Dash added,]"
[\nJul 21\n],Nuwagaba Molly,[Always speeking of history we need Bobi Wine for president 2021 a young and fresh organised leader updated about the current situation of Uganda]
[\nJul 19\n],ssebunya shafique,[will whites vote for Bobi wine? \r\nyou're funding a person who cant even get 1% in general elections]
[\nJul 18\n],The Observer,"[Opinion: How #BobiWine has forgotten his core fans. The singer himself has become less creative. He has also become too serious for his core fans. Thus, when government banned his concerts and music, he never gave his fans reason enough to defy https://observer.ug/viewpoint/61383-how-bobi-wine-has-forgotten-his-core-fans\xa0\u2026pic.twitter.com/4i7l5UMlJn]"
[\nJul 17\n],Nuwagaba Molly,"[Nuwagaba Molly Retweeted Joel Ssenyonyi, #Mission2021 #BobiWine for president https://twitter.com/JoelSsenyonyi/status/1151050382560378881\xa0\u2026, Nuwagaba Molly added,]"
[\nJul 17\n],Kulabako Ceaser,[It's youths who should've voted for BobiWine but all are going abroad ]
[\nJul 17\n],The Second Opinion,[Jose Chameleon: Stop dividing me &amp; Bobi Wine - THE SECOND OPINION https://shar.es/a0SU6T\xa0]
[\n17h17 hours ago\n],otim Francis,[Power over moneyhttps://www.bbc.com/news/world-africa-49095214\xa0\u2026]
[\n18h18 hours ago\n],Watchdog Uganda,"[The legislator, famously known as Bobi Wine also officially announced his presidential bid in the 2021 elections. #PeoplePower @Parliament_Ug @HEBobiwinehttps://www.watchdoguganda.com/news/20190725/73158/we-are-going-to-replace-all-party-members-who-joined-people-power-nrm.html\xa0\u2026]"
[\n18h18 hours ago\n],Dina_Namuyiga,"[His name is bobiwine\n#born &amp; raised in da ghettos\r\n#so young, talented,  determined,  forcused etc\r\n#am 100% sure his gonna lead uganda 2021 well\r\n#2021 u av ma vote Mr. President \r\n#the next 10th president of ugandapic.twitter.com/ORVZ7x0fie]"
[\nJul 25\n],¬†üá∫üá¨,"[These things happen but it is SHOCKING that Hon. Robert Kyagulanyi should disrespect his fellow member of parliament by sending his staffer (Ssenyonyi) to recruit him (Adome). Yes, Bobi Wine is now a presidential aspirant but this is when common sense &amp; protocol are needed most.]"
[\nJul 25\n],Muwanguzi Atah,[Tell your house boy Baguma canay to remove his mouth on bobi wine.]
[\nJul 24\n],@AaronAinomugisha,"[@AaronAinomugisha Retweeted 91.2 Crooze Fm, WILL BOBI WINE @HEBobiwine\r\n win the Presidential Election 2021!\r\n#CroozefmNews poll\r\n\n\n\n@HillaryTaylorVI @JChameleone @cobbo3https://twitter.com/912CroozeFM/status/1153677521898131458\xa0\u2026, @AaronAinomugisha added,]"
[\nJul 24\n],Nicholas Akampurira,"[For the first time, Opposition is organized\r\n\r\n Hon. Kyagulanyi aka Bobi Wine's appointed team to spearhead their mobilization activities across the country ahead of the 2021 presidential elections?\r\n1. WestNile\r\nHon... https://www.facebook.com/1636279965/posts/10216920864847314/\xa0\u2026]"
[\nJul 24\n],Storm is over,"[Meaning ur, ""political observers"" wanted Bobi wine to mention the  Hotels that rejected hosting ppl power???]"
[\nJul 24\n],Issa bin dudu saidi,[As much as we need change in UGA but Bobi Wine isn\u2019t the president Ugandan May choose.\r\n\r\nUGA needs someone who is good in Strategically and someone who doesn\u2019t take No sense( meaning that UGA needs Military Man.]
[\nJul 24\n],dudubaya,[They have started https://www.thegrapevine.co.ug/i-never-told-them-to-put-me-on-that-list-karamoja-people-power-leader-refuses-bobi-wine-appointment/\xa0\u2026]
[\nJul 24\n],Javira Ssebwami,[Barnabas Tinkasimire says People Power is a movement reminding Ugandans that President Museveni has been in power long enough and he can not continue leading...http://www.pmldaily.com/news/top-story/2019/07/six-nrm-mps-cross-to-bobi-wines-people-power-to-be-unveiled-today.html\xa0\u2026]
[\nJul 24\n],Javira Ssebwami,[People Power leaders and other 'forces of change' leaders have gathered Kyadondo East MP Robert Kyagulanyi real name Bobi Wine home as the popular group launches the steering committee towards the 2021... https://www.facebook.com/100003177417763/posts/2327151514067406/\xa0\u2026]
[\nJul 22\n],ALEL JAY,"[Between Bobi Wine and Bebe Cool,\r\nWho is the richest??]"
[\nJul 22\n],X-XONE LTD,"[Why Dr Stella Nyanzi in prison, Bobi Wine\u2019s Lawyer Armsterdam Wanted Dead - The Peoples Agency - T.P.A https://www.thepeoplesagency.org/why-dr-stella-nyanzi-in-prison-bobi-wines-lawyer-on-kill-list/\xa0\u2026]"
[\nJul 21\n],ÿ¥ÿπŸäÿ® ÿ¨Ÿäÿ™ÿß ÿ≥ÿ™Ÿàÿ®ÿß,"[Good morning, why do we really have to support Mr Museveni or Mr Kyagulanyi aka Bobi wine? Can't we be without a leader we just have ministries. Kakogoso Vanansio Duncan Ssalongo Twesigye]"
[\nJul 18\n],masaba vincent,[we wish u good luck mr bobi wine]
[\nJul 18\n],Sserwanga Ronald,"[H. E Bobi Wine is the only hope we have left with, for us to get Uganda out the hand of the  detractors..\r\n\r\nWe yawn to see you heading Uganda in the very near future..\r\n\r\n#Mission_2021\n#Kyagulanyi_4_President]"
[\nJul 18\n],bruno ssentongo,[Bobi wine knows the problem of this generation hence the living solution.]
[\nJul 18\n],bruno ssentongo,"[Bobi wine unlike the current leaders who have lived to see this generation, Bobi is one of this error. He has witnessed the good, bad and worst situations that young men and women go through everyday. He has exemplified the solutions as he has managed to bit all odds and shined.]"
[\nJul 18\n],bruno ssentongo,[My president Bobi wine thanks for great work of awakening African youths into concerned citizens. My question is about the deliberate move to impoverish you before 2021. How have you prepared to manage logistical financing of our campaigns? Thanks]
[\nJul 19\n],Isaac Tibenderana,"[Isaac Tibenderana Retweeted Kifefe Kizza-Besigye, You're just introducing a new ideology of opposition after Bobi Wine became the captor of your previous one. https://twitter.com/kizzabesigye1/status/1152171419771576320\xa0\u2026, Isaac Tibenderana added,]"
[\nJul 19\n],¬†üçµ #TheyWalkAmongUs,"[Shya,  nga Bobi Wine was forced bail. \r\nCan't they dismiss the charges?]"
[\nJul 18\n],Muwanguzi Atah,[Bobi wine is our  next president]
[\nJul 18\n],Kiggundu Joseph Dash,[Uganda badly needs Bobi wine and his right mentality about human rights and human dignity.]
[\nJul 18\n],Kiggundu Joseph Dash,"[Kiggundu Joseph Dash Retweeted The Stream, Bobi wine is a true and genuine young democrat standing today. He truly understands the basic and international human rights which have been gradually and steadily abused by the current dictator for 34 years now https://twitter.com/AJStream/status/1151748554144309248\xa0\u2026, Kiggundu Joseph Dash added,]"
[\nJul 18\n],bruno ssentongo,"[Bobi wine is one of the few who believes that he doesn\u2019t know everything but something. With such a character, he is going to gather technocrats in different fields to man the responsibilities hence restoring strong and decisive institutions other than \u201cone strong man syndrome \u201c.]"
[\nJul 17\n],B o n g o m i n,[Every Ugandan has the same rights to vye for any office....Period!! Unfortunately the govt u serve doesn't tolerate anyone with a different political opinion!! Look at the treatment of Bobi Wine for example]
[\nJul 17\n],Alexandar Saint,[Mine is already in the hodulopu. Just waiting for that day to cast my vote.  Nze nonda omu yekka Bobi wine.]
[\nJul 18\n],Kiggundu Joseph Dash,"[Kiggundu Joseph Dash Retweeted Barry Malone, Roger that, we need change the current ugandan preside"
